<?xml version='1.0' encoding='UTF-8'?>
<jenkins.plugins.nodejs.tools.NodeJSInstallation_-DescriptorImpl plugin="nodejs@1.2.0">
  <installations class="jenkins.plugins.nodejs.tools.NodeJSInstallation-array">
    <jenkins.plugins.nodejs.tools.NodeJSInstallation>
      <name>recent node</name>
      <properties>
        <hudson.tools.InstallSourceProperty>
          <installers>
            <jenkins.plugins.nodejs.tools.NodeJSInstaller>
              <id>7.9.0</id>
              <npmPackages>--force bower@~1.8.0 gulp-cli@1.2.2</npmPackages>
              <npmPackagesRefreshHours>100</npmPackagesRefreshHours>
            </jenkins.plugins.nodejs.tools.NodeJSInstaller>
          </installers>
        </hudson.tools.InstallSourceProperty>
      </properties>
    </jenkins.plugins.nodejs.tools.NodeJSInstallation>
  </installations>
</jenkins.plugins.nodejs.tools.NodeJSInstallation_-DescriptorImpl>